accession;organism;description;basepairs;date;country;plasmid_name
AB557734.1;Klebsiella pneumoniae;plasmid pKYSKPC blaKPC-3 gene for beta-lactamase, complete cds, strain: KH4987;1701;25-JUL-2016;unknown;pKYSKPC
AB854326.1;Klebsiella pneumoniae;plasmid pKP3018 DNA, putative ISKpn8 transposase gene, carbapenemase KPC-2 (blaKPC-2) gene and;2357;26-JUL-2016;Japan;pKP3018
AF481906.1;Salmonella enterica;subsp. enterica serovar Cubana transfer plasmid pST4707 putative transposase gene, partial cds;5303;26-JUL-2016;unknown;pST4707
AP018674.1;Klebsiella pneumoniae;GSU10-3 plasmid pGSU10-3-3 DNA, complete genome;67197;05-JUN-2018;Japan;pGSU10-3-3
AY210886.1;Klebsiella oxytoca;plasmid-encoded putative IS1-like ATP-binding protein gene, partial cds and KPC-2 gene, complete;1968;25-JUL-2016;unknown;unknown
CP003224.1;Klebsiella pneumoniae;subsp. pneumoniae HS11286 plasmid pKPHS2, complete sequence;112784;25-JUL-2016;unknown;pKPHS2
CP003997.1;Klebsiella pneumoniae;subsp. pneumoniae Kp13 plasmid pKP13d, complete sequence;46226;15-JUN-2016;Brazil;pKP13d
CP004366.2;Klebsiella pneumoniae;FCF1305 plasmid pKPC_FCF13/05, complete sequence;53840;26-JUL-2016;Brazil;pKPC_FCF13/05
CP004367.2;Klebsiella pneumoniae;FCF3SP plasmid pKPC_FCF/3SP, complete sequence;55386;26-JUL-2016;Brazil;pKPC_FCF/3SP
CP006657.1;Klebsiella pneumoniae;JM45 plasmid p1, complete sequence;321685;26-JUL-2016;unknown;p1
CP006919.1;Klebsiella pneumoniae;30684/NJST258_2 plasmid pNJST258C2, complete sequence;25646;26-JUL-2016;USA;pNJST258C2
CP007558.1;Citrobacter freundii;CFNIH1 plasmid pKEC-a3c, complete sequence;276187;26-JUL-2016;USA;pKEC-a3c
CP007730.1;Klebsiella pneumoniae;subsp. pneumoniae KPNIH10 plasmid pKpQIL-6e6, complete sequence;115263;26-JUL-2016;USA;pKpQIL-6e6
CP007732.1;Klebsiella pneumoniae;subsp. pneumoniae KPNIH27 plasmid pKEC-dc3, complete sequence;272168;26-JUL-2016;USA;pKEC-dc3
CP008791.1;Klebsiella oxytoca;KONIH1 plasmid pKPC-727, complete sequence;208523;26-JUL-2016;USA;pKPC-727
CP008798.1;Klebsiella pneumoniae;subsp. pneumoniae KPNIH24 plasmid pKPC-484, complete sequence;86695;26-JUL-2016;USA;pKPC-484
CP008824.1;Enterobacter cloacae;ECNIH2 plasmid pKEC-39c, complete sequence;324548;17-JUL-2015;USA;pKEC-39c
CP008825.1;Enterobacter cloacae;ECNIH2 plasmid pKPC-272, complete sequence;286474;17-JUL-2015;USA;pKPC-272
CP008826.1;Enterobacter cloacae;ECNIH2 plasmid pKPC-f91, complete sequence;47966;17-JUL-2015;USA;pKPC-f91
CP008833.1;Klebsiella pneumoniae;subsp. pneumoniae KPR0928 plasmid pKpQIL-531, complete sequence;115263;26-JUL-2016;USA;pKpQIL-531
CP008901.1;Enterobacter cloacae;ECNIH3 plasmid pKPC-47e, complete sequence;51053;26-JUL-2016;USA;pKPC-47e
CP009465.1;Klebsiella pneumoniae;strain CAV1016 plasmid pKPC_UVA01, complete sequence;44245;26-JUL-2016;unknown;pKPC_UVA01
CP009466.1;Klebsiella oxytoca;strain CAV1015 plasmid pKPC_UVA02, complete sequence;114721;26-JUL-2016;unknown;pKPC_UVA02
CP009773.1;Klebsiella pneumoniae;subsp. pneumoniae strain KPNIH33 plasmid pKPC-63d, complete sequence;76699;26-JUL-2016;USA;pKPC-63d
CP009776.1;Klebsiella pneumoniae;subsp. pneumoniae strain KPNIH32 plasmid pKPC-def, complete sequence;116968;26-JUL-2016;USA;pKPC-def
CP009853.1;Enterobacter cloacae;strain ECNIH4 plasmid pKPC-860, complete sequence;57365;26-JUL-2016;USA;pKPC-860
CP009862.1;Escherichia coli;strain ECONIH1 plasmid pKPC-629, complete sequence;81332;26-JUL-2016;USA;pKPC-629
CP009864.1;Klebsiella pneumoniae;subsp. pneumoniae strain KPNIH29 plasmid pKPC-e4e, complete sequence;63484;26-JUL-2016;USA;pKPC-e4e
CP009867.1;Pantoea sp.;PSNIH2 plasmid pKPC-56a, complete sequence;54772;26-JUL-2016;USA;pKPC-56a
CP009881.1;Pantoea sp.;PSNIH1 plasmid pKPC-1c5, complete sequence;50991;26-JUL-2016;USA;pKPC-1c5
CP010362.1;Klebsiella pneumoniae;strain 38544 plasmid p38544-85.403kb, complete sequence;86624;26-JUL-2016;unknown;p38544-85.403kb
CP010363.1;Enterobacter hormaechei;subsp. oharae strain 34978 plasmid p34978-139.941kb, complete sequence;141941;24-JUN-2016;USA;p34978-139.941kb
CP010374.1;Enterobacter hormaechei;subsp. steigerwaltii strain 34977 plasmid p34977-43.621kb, complete sequence;44245;24-JUN-2016;USA;p34977-43.621kb
CP010379.1;Enterobacter hormaechei;subsp. hormaechei strain 34983 plasmid p34983-43.621kb, complete sequence;44245;27-JUN-2016;USA;p34983-43.621kb
CP010387.1;Enterobacter hormaechei;subsp. oharae strain 34399 plasmid p34399-43.500kb, complete sequence;44122;24-JUN-2016;USA;p34399-43.500kb
CP010396.1;Klebsiella pneumoniae;strain 34618 plasmid p34618-71.572kb, complete sequence;72595;26-JUL-2016;USA;p34618-71.572kb
CP010575.1;Klebsiella pneumoniae;strain 32192 plasmid sequence;73905;26-JUL-2016;USA;unnamed
CP010881.1;Escherichia coli;strain MNCRE44 plasmid pMNCRE44_5, complete sequence;118472;09-DEC-2016;unknown;pMNCRE44_5
CP011571.1;Enterobacter cloacae;strain CAV1311 plasmid pKPC_CAV1311, complete sequence;91745;09-JUN-2015;USA;pKPC_CAV1311
CP011573.1;Klebsiella aerogenes;strain CAV1320 plasmid pKPC_CAV1320, complete sequence;14181;21-SEP-2017;USA;pKPC_CAV1320
CP011575.1;Klebsiella pneumoniae;strain CAV1392 plasmid pKPC_CAV1392, complete sequence;44245;09-JUN-2015;USA;pKPC_CAV1392
CP011580.1;Enterobacter cloacae;strain CAV1411 plasmid pKPC_CAV1411, complete sequence;91745;09-JUN-2015;USA;pKPC_CAV1411
CP011582.1;Enterobacter cloacae;strain CAV1668 plasmid pKPC_CAV1668, complete sequence;44054;09-JUN-2015;USA;pKPC_CAV1668
CP011589.1;Enterobacter asburiae;strain CAV1043 plasmid pKPC_CAV1043, complete sequence;59983;09-JUN-2015;USA;pKPC_CAV1043
CP011608.1;Citrobacter freundii;strain CAV1321 plasmid pKPC_CAV1321-45, complete sequence;45487;09-JUN-2015;USA;pKPC_CAV1321-45
CP011611.1;Citrobacter freundii;strain CAV1321 plasmid pKPC_CAV1321-244, complete sequence;247191;09-JUN-2015;USA;pKPC_CAV1321-244
CP011622.1;Klebsiella pneumoniae;strain CAV1344 plasmid pKPC_CAV1344, complete sequence;179019;09-JUN-2015;USA;pKPC_CAV1344
CP011635.1;Klebsiella oxytoca;strain CAV1374 plasmid pKPC_CAV1374, complete sequence;337713;09-JUN-2015;USA;pKPC_CAV1374
CP011639.1;Serratia marcescens;strain CAV1492 plasmid pKPC_CAV1492, complete sequence;70146;09-JUN-2015;USA;pKPC_CAV1492
CP011645.1;Klebsiella pneumoniae;strain CAV1596 plasmid pKPC_CAV1596-78, complete sequence;78913;09-JUN-2015;USA;pKPC_CAV1596-78
CP011646.1;Klebsiella pneumoniae;strain CAV1596 plasmid pKPC_CAV1596-97, complete sequence;98084;09-JUN-2015;USA;pKPC_CAV1596-97
CP011649.1;Enterobacter cloacae;strain CAV1669 plasmid pKPC_CAV1669, complete sequence;91745;09-JUN-2015;USA;pKPC_CAV1669
CP011656.1;Citrobacter freundii;strain CAV1741 plasmid pKPC_CAV1741, complete sequence;131042;09-JUN-2015;USA;pKPC_CAV1741
CP011978.1;Klebsiella pneumoniae;DMC1097 plasmid pDMC1097-77.775kb, complete sequence;78887;20-AUG-2015;unknown;pDMC1097-77.775kb
CP011981.1;Klebsiella pneumoniae;500_1420 plasmid p500_1420-130.552kb, complete sequence;132418;20-AUG-2015;unknown;p500_1420-130.552kb
CP011986.1;Klebsiella pneumoniae;UHKPC07 plasmid pUHKPC07-113.639kb, complete sequence;115263;20-AUG-2015;unknown;pUHKPC07-113.639kb
CP011991.1;Klebsiella pneumoniae;UHKPC33 plasmid pUHKPC33-113.638kb, complete sequence;115262;20-AUG-2015;unknown;pUHKPC33-113.638kb
CP011999.1;Klebsiella pneumoniae;strain KLP28 plasmid pKp28, complete sequence;84591;27-JAN-2016;USA;pKp28
CP012000.1;Klebsiella pneumoniae;strain KLP41 plasmid pKp41, complete sequence;115250;27-JUN-2016;USA;pKp41
CP012163.1;Enterobacter cloacae;complex sp. 35734 plasmid p35734-109.753kb, complete sequence;111321;06-JUL-2016;USA;p35734-109.753kb
CP012168.1;Enterobacter hormaechei;subsp. steigerwaltii strain 34998 plasmid p34998-239.973kb, complete sequence;243402;24-JUN-2016;unknown;p34998-239.973kb
CP013325.1;Klebsiella pneumoniae;strain CAV1193 plasmid pKPC_CAV1193, complete sequence;50274;09-MAR-2016;USA;pKPC_CAV1193
CP014669.1;Escherichia coli;strain ECONIH2 plasmid pKpQIL-571, complete sequence;115479;15-JUN-2016;USA;pKpQIL-571
CP014765.1;Klebsiella pneumoniae;strain KPNIH39 plasmid pKpQIL-9b8, complete sequence;108082;25-AUG-2016;USA;pKpQIL-9b8
CP015387.1;Klebsiella pneumoniae;strain NY9 plasmid pNY9_2, complete sequence;141933;13-FEB-2017;USA;pNY9_2
CP015395.1;Klebsiella pneumoniae;strain CR14 plasmid pCR14_3, complete sequence;118083;13-FEB-2017;USA;pCR14_3
CP015824.1;Klebsiella pneumoniae;isolate blood sample 2 plasmid 2, complete sequence;104621;16-AUG-2016;Switzerland;2
CP015991.1;Klebsiella pneumoniae;strain BR plasmid pWSZBR, complete sequence;77341;25-JUL-2016;China;pWSZBR
CP016381.1;Aeromonas hydrophila;strain AHNIH1 plasmid pASP-135, complete sequence;145396;18-JUL-2016;USA;pASP-135
CP016402.1;Klebsiella pneumoniae;subsp. pneumoniae strain F77 plasmid pF77, complete sequence;57824;31-OCT-2016;China;pF77
CP016403.1;Klebsiella pneumoniae;subsp. pneumoniae strain F5 plasmid pF5, complete sequence;106627;31-OCT-2016;China;pF5
CP017083.1;Proteus mirabilis;strain T21 plasmid pT211, complete sequence;24572;18-SEP-2017;China;pT211
CP017086.1;Proteus mirabilis;strain T18 plasmid pT18, complete sequence;59879;18-SEP-2017;China;pT18
CP017929.1;Klebsiella oxytoca;strain CAV1015 plasmid pKPC_UVA02, complete sequence;114721;07-NOV-2016;USA;pKPC_UVA02
CP017937.1;Klebsiella pneumoniae;strain CAV1016 plasmid pKPC_UVA01, complete sequence;44245;07-NOV-2016;USA;pKPC_UVA01
CP017992.1;Enterobacter cloacae;complex sp. ECNIH7 plasmid pENT-2c5, complete sequence;80175;14-JUL-2017;USA;pENT-2c5
CP017993.1;Enterobacter cloacae;complex sp. ECNIH7 plasmid pKPC-98f, complete sequence;21489;14-JUL-2017;USA;pKPC-98f
CP018426.1;Klebsiella pneumoniae;strain MNCRE69 plasmid pMNCRE69_3, complete sequence;52802;13-DEC-2016;USA;pMNCRE69_3
CP018432.1;Klebsiella pneumoniae;strain MNCRE78 plasmid pMNCRE78_3, complete sequence;52803;13-DEC-2016;USA;pMNCRE78_3
CP018436.1;Klebsiella pneumoniae;strain MNCRE53 plasmid pMNCRE53_3, complete sequence;52802;13-DEC-2016;USA;pMNCRE53_3
CP018455.1;Klebsiella pneumoniae;strain SWU01 plasmid unnamed, complete sequence;164875;13-DEC-2016;China;unnamed
CP018668.1;Klebsiella pneumoniae;strain CAV1042 plasmid pKPC_CAV1042-44, complete sequence;44245;19-DEC-2016;USA;pKPC_CAV1042-44
CP018669.1;Klebsiella pneumoniae;strain CAV1042 plasmid pKPC_CAV1042-89, complete sequence;89955;19-DEC-2016;USA;pKPC_CAV1042-89
CP018675.1;Klebsiella pneumoniae;strain CAV1217 plasmid pKPC_CAV1217, complete sequence;184028;19-DEC-2016;USA;pKPC_CAV1217
CP018815.1;Enterobacter cloacae;strain AR_0002 plasmid tig00000003, complete sequence;141942;27-DEC-2016;unknown;tig00000003
CP018884.1;Klebsiella pneumoniae;subsp. pneumoniae strain BR7 plasmid unnamed1, complete sequence;123604;02-FEB-2018;Brazil;unnamed1
CP018887.1;Klebsiella pneumoniae;subsp. pneumoniae strain BR21 plasmid pIncN, complete sequence;124969;02-FEB-2018;Brazil;pIncN
CP018945.1;Escherichia coli;strain Ecol_224 plasmid pEC224_KPC, complete sequence;56228;03-MAR-2017;Viet Nam;pEC224_KPC
CP018949.1;Escherichia coli;strain Ecol_276 plasmid pEC276_KPC, complete sequence;16796;03-MAR-2017;USA;pEC276_KPC
CP018956.1;Escherichia coli;strain Ecol_316 plasmid pEC316_KPC, complete sequence;219315;03-MAR-2017;USA;pEC316_KPC
CP018959.1;Escherichia coli;strain Ecol_422 plasmid pEC422_KPC, complete sequence;52627;03-MAR-2017;Ecuador;pEC422_KPC
CP018963.1;Escherichia coli;strain Ecol_517 plasmid pEC517_KPC, complete sequence;55425;03-MAR-2017;Brazil;pEC517_KPC
CP018968.1;Escherichia coli;strain Ecol_542 plasmid pEC542_KPC, complete sequence;44954;03-MAR-2017;Viet Nam;pEC542_KPC
CP018974.1;Escherichia coli;strain Ecol_545 plasmid pEC545_KPC, complete sequence;71889;03-MAR-2017;Viet Nam;pEC545_KPC
CP018977.1;Escherichia coli;strain Ecol_656 plasmid pEC656_KPC, complete sequence;59266;03-MAR-2017;USA;pEC656_KPC
CP018981.1;Escherichia coli;strain Ecol_867 plasmid pEC867_KPC, complete sequence;14230;03-MAR-2017;Canada;pEC867_KPC
CP018989.1;Escherichia coli;strain Ecol_AZ146 plasmid pECAZ146_KPC, complete sequence;87092;03-MAR-2017;Italy;pECAZ146_KPC
CP018992.1;Escherichia coli;strain Ecol_AZ147 plasmid pECAZ147_KPC, complete sequence;111801;03-MAR-2017;Israel;pECAZ147_KPC
CP018999.1;Escherichia coli;strain Ecol_AZ153 plasmid pECAZ153_KPC, complete sequence;148251;03-MAR-2017;China;pECAZ153_KPC
CP019001.1;Escherichia coli;strain Ecol_AZ155 plasmid pECAZ155_KPC, complete sequence;276091;03-MAR-2017;China;pECAZ155_KPC
CP019006.1;Escherichia coli;strain Ecol_AZ159 plasmid pECAZ159_2, complete sequence;48211;03-MAR-2017;Colombia;pECAZ159_2
CP019010.1;Escherichia coli;strain Ecol_AZ161 plasmid pECAZ161_KPC, complete sequence;56543;03-MAR-2017;USA;pECAZ161_KPC
CP019014.1;Escherichia coli;strain Ecol_AZ162 plasmid pECAZ162_KPC, complete sequence;144870;03-MAR-2017;USA;pECAZ162_KPC
CP019017.1;Escherichia coli;strain Ecol_244 plasmid pEC244_KPC, complete sequence;74514;03-MAR-2017;Argentina;pEC244_KPC
CP019026.1;Escherichia coli;strain Ecol_881 plasmid pEC881_KPC, complete sequence;60222;03-MAR-2017;Colombia;pEC881_KPC
CP019774.1;Klebsiella pneumoniae;subsp. pneumoniae strain KPN_KPC_HUG_07 plasmid p2, complete sequence;115703;28-FEB-2017;Switzerland;p2
CP020059.1;Escherichia coli;strain AR_0061 plasmid unitig_1, complete sequence;89239;21-MAR-2017;unknown;unitig_1
CP020066.1;Klebsiella pneumoniae;strain AR_0117 plasmid unitig_5, complete sequence;73702;21-MAR-2017;unknown;unitig_5
CP020075.1;Klebsiella pneumoniae;strain AR_0115 plasmid tig00000005, complete sequence;22378;21-MAR-2017;unknown;tig00000005
CP020110.1;Klebsiella pneumoniae;strain AR_0098 plasmid tig00000002, complete sequence;74517;21-MAR-2017;unknown;tig00000002
CP020119.1;Escherichia coli;strain AR_0104 plasmid unitig_7, complete sequence;52251;21-MAR-2017;unknown;unitig_7
CP020359.1;Klebsiella oxytoca;strain AR_0147 plasmid unitig_2, complete sequence;112287;27-MAR-2017;unknown;unitig_2
CP021195.1;Escherichia coli;strain H17 plasmid pH17-2, complete sequence;109333;06-JUN-2018;China;pH17-2
CP021328.1;Raoultella ornithinolytica;strain Ro24724 plasmid pRo24724, complete sequence;452992;05-JUL-2017;China;pRo24724
CP021546.1;Klebsiella pneumoniae;strain AR_0112 plasmid tig00000002, complete sequence;75727;08-JUN-2017;unknown;tig00000002
CP021548.1;Klebsiella pneumoniae;strain AR_0112 plasmid tig00000005, complete sequence;22957;08-JUN-2017;unknown;tig00000005
CP021695.1;Proteus mirabilis;strain AR_0155 plasmid tig00000123, complete sequence;217505;08-JUN-2017;unknown;tig00000123
CP021716.1;Klebsiella pneumoniae;strain AR_0129 plasmid tig00000003, complete sequence;44122;08-JUN-2017;unknown;tig00000003
CP021734.1;Escherichia coli;strain AR_0114 plasmid unitig_2, complete sequence;86413;13-JUN-2017;unknown;unitig_2
CP021743.1;Klebsiella pneumoniae;strain AR_0126 plasmid tig00000003, complete sequence;44244;13-JUN-2017;unknown;tig00000003
CP021750.1;Enterobacter cloacae;strain AR_0163 plasmid tig00000258, complete sequence;44244;13-JUN-2017;unknown;tig00000258
CP021754.1;Klebsiella pneumoniae;strain AR_0113 plasmid unitig_3, complete sequence;75819;13-JUN-2017;unknown;unitig_3
CP021756.1;Klebsiella pneumoniae;strain AR_0113 plasmid unitig_5, complete sequence;22956;13-JUN-2017;unknown;unitig_5
CP021778.1;Enterobacter cloacae;strain AR_0053 plasmid unitig_3, complete sequence;72977;13-JUN-2017;unknown;unitig_3
CP021835.1;Klebsiella pneumoniae;strain AR_0120 plasmid tig00000516_pilon, complete sequence;213046;16-JUN-2017;unknown;tig00000516_pilon
CP021853.1;Proteus mirabilis;strain AR_0156 plasmid unitig_1, complete sequence;182838;16-JUN-2017;unknown;unitig_1
CP021860.1;Klebsiella pneumoniae;strain AR_0125 plasmid tig00000007_pilon, complete sequence;25103;16-JUN-2017;unknown;tig00000007_pilon
CP021861.1;Klebsiella pneumoniae;strain AR_0125 plasmid tig00000009_pilon, complete sequence;80625;16-JUN-2017;unknown;tig00000009_pilon
CP021899.1;Enterobacter cloacae;strain AR_0050 plasmid unitig_4_pilon, complete sequence;70630;20-JUN-2017;unknown;unitig_4_pilon
CP021900.1;Enterobacter cloacae;strain AR_0136 plasmid tig00001437_pilon, complete sequence;64389;20-JUN-2017;unknown;tig00001437_pilon
CP022275.1;Citrobacter freundii;strain 18-1 plasmid pBKPC18-1, complete sequence;146894;06-JUL-2017;China;pBKPC18-1
CP022276.1;Citrobacter freundii;strain 18-1 plasmid pCKPC18-1, complete sequence;47838;06-JUL-2017;China;pCKPC18-1
CP022349.1;Klebsiella michiganensis;strain K516 plasmid pK516_KPC, complete sequence;128690;12-JUL-2017;China;pK516_KPC
CP022574.1;Klebsiella pneumoniae;strain BIC-1 plasmid pBIC-1a, complete sequence;172850;08-AUG-2017;France;pBIC-1a
CP022693.1;Klebsiella pneumoniae;subsp. pneumoniae strain AUSMDU00008079 plasmid pAUSMDU8079-2, complete sequence;115263;14-AUG-2017;Australia;pAUSMDU8079-2
CP022698.1;Citrobacter farmeri;strain AUSMDU00008141 plasmid pAUSMDU8141-3, complete sequence;108782;14-AUG-2017;Australia;pAUSMDU8141-3
CP023186.1;Klebsiella michiganensis;strain K518 plasmid pK518_KPC, complete sequence;128659;12-SEP-2017;China;pK518_KPC
CP023443.1;Klebsiella pneumoniae;strain CCUG 70747 plasmid pKpn70747_2, complete sequence;119543;06-JUN-2018;Sweden;pKpn70747_2
CP023480.1;Klebsiella quasipneumoniae;strain KPC142 plasmid pKQPS142b, complete sequence;11108;27-MAR-2018;Brazil;pKQPS142b
CP023875.1;Raoultella planticola;strain FDAARGOS_429 plasmid unnamed;265931;18-OCT-2017;Canada;unnamed
CP023878.1;Klebsiella oxytoca;strain FDAARGOS_430 plasmid unnamed;110158;18-OCT-2017;Canada;unnamed
CP023894.1;Raoultella ornithinolytica;strain FDAARGOS_431 plasmid unnamed3, complete sequence;72286;18-OCT-2017;Canada;unnamed3
CP023928.1;Klebsiella pneumoniae;strain FDAARGOS_442 plasmid unnamed1, complete sequence;115263;18-OCT-2017;Canada;unnamed1
CP023938.1;Klebsiella pneumoniae;strain FDAARGOS_443 plasmid unnamed2, complete sequence;92370;18-OCT-2017;Canada;unnamed2
CP023942.1;Klebsiella pneumoniae;strain FDAARGOS_444 plasmid unnamed2;190611;18-OCT-2017;Canada;unnamed2
CP023952.1;Klebsiella pneumoniae;strain FDAARGOS_447 plasmid unnamed1, complete sequence;210771;18-OCT-2017;Canada;unnamed1
CP024910.1;Enterobacter cloacae;strain OSUKPC4_L plasmid pOSUKPC4, complete sequence;356832;06-JUN-2018;USA;pOSUKPC4
CP025006.1;Klebsiella pneumoniae;strain AUSMDU00003562 plasmid pAUSMDU3562-1, complete sequence;169765;06-DEC-2017;Australia;pAUSMDU3562-1
CP025009.1;Klebsiella pneumoniae;strain AUSMDU00008119 plasmid pAUSMDU8119-1, complete sequence;178564;06-DEC-2017;Australia;pAUSMDU8119-1
CP025010.1;Klebsiella pneumoniae;strain AUSMDU00008119 plasmid pAUSMDU8119-2, complete sequence;119891;06-DEC-2017;Australia;pAUSMDU8119-2
CP025039.1;Klebsiella pneumoniae;strain NU-CRE047 plasmid pNU-CRE047_2, complete sequence;148785;06-DEC-2017;USA;pNU-CRE047_2
CP025141.1;Klebsiella pneumoniae;strain KP1768 plasmid KP1768_p1, complete sequence;207659;12-DEC-2017;USA;KP1768_p1
CP025144.1;Klebsiella pneumoniae;strain NR5632 plasmid NR5632_p1, complete sequence;207040;12-DEC-2017;USA;NR5632_p1
CP025147.1;Klebsiella pneumoniae;strain KP1766 plasmid KP1766_p1, complete sequence;208896;12-DEC-2017;USA;KP1766_p1
CP025148.1;Klebsiella pneumoniae;strain KP1766 plasmid KP1766_p2, complete sequence;164301;12-DEC-2017;USA;KP1766_p2
CP025458.1;Klebsiella pneumoniae;strain KP69 plasmid p69-2, complete sequence;130400;28-DEC-2017;China;p69-2
CP025463.1;Klebsiella pneumoniae;strain F44 plasmid p44-2, complete sequence;163889;28-DEC-2017;China;p44-2
CP025468.1;Klebsiella pneumoniae;strain JS187 plasmid p187-2, complete sequence;131537;28-DEC-2017;China;p187-2
CP025710.1;Escherichia coli;strain YDC107 plasmid pYDC107_70, complete sequence;71378;12-JAN-2018;USA;pYDC107_70
CP025758.1;Citrobacter freundii;complex sp. CFNIH12 strain CFNIH2 plasmid pKPC-349c, complete sequence;63483;16-JAN-2018;USA;pKPC-349c
CP025952.1;Klebsiella pneumoniae;subsp. pneumoniae strain GD4 plasmid pKPGD4, complete sequence;173262;21-JAN-2018;China;pKPGD4
CP026123.1;Aeromonas sp.;ASNIH5 plasmid pKPC-b21f, complete sequence;24316;29-JAN-2018;USA;pKPC-b21f
CP026169.1;Leclercia sp.;LSNIH1 plasmid pKPC-79f0, complete sequence;59465;29-JAN-2018;USA;pKPC-79f0
CP026175.1;Klebsiella pneumoniae;strain KPNIH50 plasmid pKPC-0cc9, complete sequence;174720;29-JAN-2018;USA;pKPC-0cc9
CP026179.1;Klebsiella pneumoniae;strain KPNIH49 plasmid pKPC-224e, complete sequence;240965;29-JAN-2018;USA;pKPC-224e
CP026188.1;Enterobacteriaceae bacterium;ENNIH2 plasmid pKPC-ddab, complete sequence;84045;29-JAN-2018;USA;pKPC-ddab
CP026194.1;Enterobacteriaceae bacterium;ENNIH1 plasmid pKPC-825d, complete sequence;80259;29-JAN-2018;USA;pKPC-825d
CP026198.1;Enterobacteriaceae bacterium;ENNIH3 plasmid pKPC-c606, complete sequence;177191;29-JAN-2018;USA;pKPC-c606
CP026204.1;Escherichia coli;strain ECONIH5 plasmid pKPC-bca9, complete sequence;77593;29-JAN-2018;USA;pKPC-bca9
CP026205.1;Escherichia coli;strain ECONIH5 plasmid pKPC-e3ee, complete sequence;78887;29-JAN-2018;USA;pKPC-e3ee
CP026210.1;Citrobacter sp.;CFNIH10 plasmid pKPC-2fe2, complete sequence;78694;06-FEB-2018;USA;pKPC-2fe2
CP026213.1;Citrobacter sp.;CFNIH10 plasmid pKPC-933d, complete sequence;225133;06-FEB-2018;USA;pKPC-933d
CP026219.1;Aeromonas sp.;ASNIH4 plasmid pKPC-ac48, complete sequence;35803;06-FEB-2018;USA;pKPC-ac48
CP026224.1;Aeromonas sp.;ASNIH3 plasmid pKPC-cd17, complete sequence;39708;29-JAN-2018;USA;pKPC-cd17
CP026225.1;Aeromonas sp.;ASNIH3 plasmid pKPC-8e09, complete sequence;181187;29-JAN-2018;USA;pKPC-8e09
CP026227.1;Aeromonas sp.;ASNIH7 plasmid pKPC-1ac6, complete sequence;52335;29-JAN-2018;USA;pKPC-1ac6
CP026230.1;Aeromonas sp.;ASNIH1 plasmid pKPC-038c, complete sequence;78678;06-FEB-2018;USA;pKPC-038c
CP026232.1;Citrobacter freundii;complex sp. CFNIH4 plasmid pKPC-c9fd, complete sequence;63485;06-FEB-2018;USA;pKPC-c9fd
CP026236.1;Citrobacter freundii;complex sp. CFNIH3 plasmid pKPC-59e4, complete sequence;66224;29-JAN-2018;USA;pKPC-59e4
CP026239.1;Citrobacter freundii;complex sp. CFNIH9 plasmid pKPC-9d88, complete sequence;54399;29-JAN-2018;USA;pKPC-9d88
CP026272.1;Klebsiella oxytoca;strain KONIH4 plasmid pKPC-f607, complete sequence;146113;30-JAN-2018;USA;pKPC-f607
CP026274.1;Klebsiella oxytoca;strain KONIH4 plasmid pKPC-4b66, complete sequence;239022;30-JAN-2018;USA;pKPC-4b66
CP026277.1;Klebsiella oxytoca;strain KONIH5 plasmid pKPC-8bc0, complete sequence;57370;30-JAN-2018;USA;pKPC-8bc0
CP026280.1;Klebsiella oxytoca;strain KONIH2 plasmid pKPC-55bf, complete sequence;154214;30-JAN-2018;USA;pKPC-55bf
CP026385.1;Serratia sp.;SSNIH1 plasmid pKPC-56ce, complete sequence;84044;04-FEB-2018;USA;pKPC-56ce
CP026389.1;Leclercia sp.;LSNIH3 plasmid pKPC-3714, complete sequence;51053;04-FEB-2018;USA;pKPC-3714
CP026394.1;Klebsiella pneumoniae;strain KPNIH48 plasmid pKPC-e937, complete sequence;64636;04-FEB-2018;USA;pKPC-e937
CP026395.1;Klebsiella pneumoniae;strain KPNIH48 plasmid pKPC-edb7, complete sequence;81795;04-FEB-2018;USA;pKPC-edb7
CP026401.1;Escherichia coli;strain ECONIH4 plasmid pKPC-b33e, complete sequence;20535;04-FEB-2018;USA;pKPC-b33e
CP026418.1;Acinetobacter sp.;ACNIH2 plasmid pKPC-8dee, complete sequence;44556;04-FEB-2018;USA;pKPC-8dee
CP026584.1;Klebsiella pneumoniae;strain WCHKP649 plasmid pKPC2_095649, complete sequence;158329;19-MAR-2018;China;pKPC2_095649
CP026589.1;Klebsiella pneumoniae;strain NUHL30457 plasmid p3, complete sequence;90522;12-FEB-2018;China;p3
CP027067.1;Klebsiella pneumoniae;strain WCHKP8F4 plasmid pKPC2_095084, complete sequence;121790;19-MAR-2018;China;pKPC2_095084
CP027143.1;Enterobacter cloacae;complex 'Hoffmann cluster III' strain AR_0365 plasmid unnamed3;52692;31-MAY-2018;unknown;unnamed3
CP027150.1;Klebsiella pneumoniae;strain AR_0363 plasmid unnamed3;66623;31-MAY-2018;unknown;unnamed3
CP027158.1;Klebsiella pneumoniae;strain AR_0361 plasmid unnamed2, complete sequence;115263;31-MAY-2018;unknown;unnamed2
CP027168.1;Pseudomonas aeruginosa;strain AR_0356 plasmid unnamed1, complete sequence;57869;31-MAY-2018;unknown;unnamed1
CP027606.1;Enterobacter cloacae;strain AR_0093 plasmid unnamed2, complete sequence;88269;19-MAR-2018;unknown;unnamed2
CP027616.1;Klebsiella pneumoniae;subsp. ozaenae strain AR_0096 plasmid unnamed4, complete sequence;131842;19-MAR-2018;unknown;unnamed4
CP028181.1;Klebsiella pneumoniae;strain CFSAN054110 plasmid pGMI16-005_01, complete sequence;231224;02-APR-2018;Denmark;pGMI16-005_01
CP028389.2;Klebsiella pneumoniae;strain WCHKP13F2 plasmid pKPC2_095132, complete sequence;168406;02-MAY-2018;China;pKPC2_095132
CP028541.1;Klebsiella pneumoniae;strain WCHKP2 plasmid pKPC2_020002, complete sequence;180045;17-APR-2018;China;pKPC2_020002
CP028547.1;Klebsiella pneumoniae;subsp. pneumoniae strain SCKP020143 plasmid pKPC2_020143, complete sequence;74846;17-APR-2018;China;pKPC2_020143
CP028554.1;Klebsiella variicola;strain WCHKP19 plasmid pKPC2_020019, complete sequence;91020;17-APR-2018;China;pKPC2_020019
CP028566.1;Aeromonas hydrophila;subsp. hydrophila strain WCHAH045096 plasmid pKPC2_045096, complete sequence;39533;17-APR-2018;China;pKPC2_045096
CP028582.1;Klebsiella pneumoniae;strain WCHKP36 plasmid pKPC2_020036, complete sequence;151391;17-APR-2018;China;pKPC2_020036
CP028790.1;Klebsiella pneumoniae;strain WCHKP020030 plasmid pKPC2_020030, complete sequence;106308;18-APR-2018;China;pKPC2_020030
CP028796.1;Klebsiella pneumoniae;strain WCHKP040035 plasmid pKPC2_040035, complete sequence;114074;18-APR-2018;China;pKPC2_040035
CP028805.1;Klebsiella pneumoniae;strain WCHKP7E2 plasmid pKPC2_085072, complete sequence;132900;18-APR-2018;China;pKPC2_085072
CP028958.1;Morganella morganii;strain AR_0133 plasmid unnamed2, complete sequence;72323;25-APR-2018;unknown;unnamed2
CP029092.1;Pseudomonas aeruginosa;strain AR441 plasmid unnamed2, complete sequence;57868;31-MAY-2018;unknown;unnamed2
CP029102.1;Klebsiella pneumoniae;strain AR438 plasmid unnamed4, complete sequence;137593;31-MAY-2018;unknown;unnamed4
CP029219.1;Klebsiella pneumoniae;strain L201 plasmid pKPC-L201;130577;10-MAY-2018;China;pKPC-L201
CP029225.1;Klebsiella pneumoniae;strain L388 plasmid pKPC-L388;147935;10-MAY-2018;China;pKPC-L388
CP029230.1;Klebsiella pneumoniae;strain L491 plasmid pKPC-L491;253098;10-MAY-2018;China;pKPC-L491
CP029381.1;Klebsiella pneumoniae;subsp. pneumoniae strain SCKP020079 plasmid pKPC2_020079, complete sequence;148887;21-MAY-2018;China;pKPC2_020079
CP029429.1;Klebsiella quasipneumoniae;strain CAV2018 plasmid pKPC_CAV2018-63, complete sequence;64139;22-MAY-2018;USA;pKPC_CAV2018-63
CP029431.1;Klebsiella quasipneumoniae;strain CAV2018 plasmid pKPC_CAV2018-435, complete sequence;441342;22-MAY-2018;USA;pKPC_CAV2018-435
CP029436.1;Klebsiella quasipneumoniae;strain CAV2013 plasmid pKPC_CAV2013, complete sequence;453483;22-MAY-2018;USA;pKPC_CAV2013
CP029438.1;Klebsiella quasipneumoniae;strain CAV1947 plasmid pKPC_CAV1947-14, complete sequence;14308;22-MAY-2018;USA;pKPC_CAV1947-14
CP029439.1;Klebsiella quasipneumoniae;strain CAV1947 plasmid pKPC_CAV1947-56, complete sequence;56689;22-MAY-2018;USA;pKPC_CAV1947-56
CP029442.1;Klebsiella quasipneumoniae;strain CAV1947 plasmid pKPC_CAV1947-412, complete sequence;418274;22-MAY-2018;USA;pKPC_CAV1947-412
CP029446.1;Serratia marcescens;strain CAV1761 plasmid pKPC_CAV1761, complete sequence;70146;22-MAY-2018;USA;pKPC_CAV1761
DQ523564.1;Klebsiella pneumoniae;strain KPN2303 plasmid pBC-Wilma putative transposition helper protein gene, partial cds and;4735;14-JUL-2016;Colombia;pBC-Wilma
DQ897687.1;Klebsiella pneumoniae;plasmid pYW1 putative transposase and class A carbapenemase (blaKPC-2) genes, complete cds;2129;14-JUL-2016;China;pYW1
DQ989639.1;Escherichia coli;strain 2138 plasmid putative transposition helper protein, class A carbapenemase KPC-2, and;3450;14-JUL-2016;unknown;unnamed
EF062508.1;Citrobacter freundii;plasmid carbapenem-hydrolyzing beta-lactamase KPC-2 (blaKPC-2) gene, complete cds;993;14-JUL-2016;unknown;unnamed
EU176011.1;Klebsiella pneumoniae;strain YC plasmid pNYC, partial sequence;14275;26-JUL-2016;unknown;pNYC
EU176012.1;Klebsiella pneumoniae;strain KN633 plasmid pBC633, partial sequence;11016;26-JUL-2016;unknown;pBC633
EU176013.1;Pseudomonas aeruginosa;strain Pa2404 plasmid pCOL1, partial sequence;11136;26-JUL-2016;unknown;pCOL1
EU176014.1;Klebsiella pneumoniae;plasmid pBC2303a, partial sequence;11055;26-JUL-2016;unknown;pBC2303a
EU594576.1;Klebsiella pneumoniae;plasmid carbapenem-hydrolyzing beta-lactamase KPC-2 (blaKPC-2) gene, partial cds;962;26-JUL-2016;unknown;unnamed
FJ223605.1;Klebsiella pneumoniae;strain 12 plasmid 12, complete sequence;76698;26-JUL-2016;unknown;12
FJ223606.1;Klebsiella pneumoniae;strain 15 plasmid 15S, complete sequence;24093;26-JUL-2016;unknown;15S
FJ223607.1;Klebsiella pneumoniae;strain 9 plasmid 9, complete sequence;71665;26-JUL-2016;unknown;9
FJ609231.1;Escherichia coli;plasmid PHS1075 putative transposase, truncated beta-lactamase (bla), and class A carbapenemase (blaKPC-3);3905;24-JUL-2016;unknown;PHS1075
FJ628167.2;Klebsiella pneumoniae;strain KP048 plasmid pKP048, complete sequence;153348;25-JUL-2016;unknown;pKP048
FJ853623.1;Klebsiella pneumoniae;strain Irish-1 plasmid class A carbapenemase KPC-2 (blaKPC-2) gene, partial cds;917;24-JUL-2016;unknown;unnamed
GU386376.1;Klebsiella pneumoniae;strain 09138475RyC plasmid pRYCKPC3.1 transposon blaKPC-3-Tn4401a, partial sequence;9944;31-MAR-2017;unknown;pRYCKPC3.1
GU595196.1;Klebsiella pneumoniae;plasmid pKpQIL, complete sequence;115261;25-JUL-2016;unknown;pKpQIL
HG969995.1;Klebsiella pneumoniae;plasmid pIT-01C03, complete sequence;115266;07-JUN-2016;unknown;pIT-01C03
HG969996.1;Klebsiella pneumoniae;plasmid pIT-12C47, complete sequence;99587;07-JUN-2016;unknown;pIT-12C47
HG969997.1;Klebsiella pneumoniae;plasmid pIT-01C22, complete sequence;115805;07-JUN-2016;unknown;pIT-01C22
HG969998.1;Klebsiella pneumoniae;plasmid pIT-11C07, complete sequence;104638;07-JUN-2016;unknown;pIT-11C07
HG969999.1;Klebsiella pneumoniae;plasmid pIT-FIPP-1, complete sequence;79350;07-JUN-2016;unknown;pIT-FIPP-1
HM066995.1;Klebsiella pneumoniae;plasmid pKp10-26 beta-lactamase KPC-11 (blaKPC) gene, blaKPC-11 allele, complete cds;895;25-JUL-2016;unknown;pKp10-26
HQ246157.1;Citrobacter freundii;strain 10-13147 plasmid carbapenem-hydrolyzing beta-lactamase KPC-2 gene, partial cds;801;25-JUL-2016;unknown;unknown
HQ342889.1;Enterobacter cloacae;strain EN038 plasmid EcKPC12 carbapenem-hydrolyzing beta-lactamase KPC-13 (blaKPC-13) gene, complete cds;895;25-JUL-2016;unknown;EcKPC12
HQ589350.1;Klebsiella pneumoniae;strain p39SLMT plasmid pSLMT, complete sequence;21440;25-JUL-2016;unknown;pSLMT
HQ651092.1;Klebsiella oxytoca;plasmid pFP10-1 replication protein gene, partial cds hypothetical protein (pKP048_08), antirestriction protein;7064;25-JUL-2016;unknown;pFP10-1
JF922884.1;Pseudomonas putida;strain PP36 plasmid class A carbapenemase (blaKPC-2) gene, partial cds;767;25-JUL-2016;unknown;unnamed
JN233705.2;Klebsiella pneumoniae;strain ST258 plasmid pKpQIL-IT, complete sequence;116948;25-JUL-2016;unknown;pKpQIL-IT
JN545009.1;Pseudomonas aeruginosa;plasmid pPA-2 beta-lactamase TEM (blaTEM) gene, partial cds carbapenemase KPC-2 (blaKPC-2) gene,;2534;25-JUL-2016;unknown;pPA-2
JN974188.1;Klebsiella pneumoniae;plasmid KP529-1 transposon Tn4401d resolvase (tnpR) gene, complete cds, beta-lactamase (blaKPC) pseudogene,;4945;25-JUL-2016;unknown;KP529-1
JQ837276.1;Enterobacter cloacae;strain 1623 plasmid pNE1280, complete sequence;67482;26-JUL-2016;unknown;pNE1280
JX104759.1;Klebsiella pneumoniae;strain CRE79 plasmid pKPC-NY79, complete sequence;43054;26-JUL-2016;unknown;pKPC-NY79
JX193301.1;Klebsiella pneumoniae;strain BK31551 plasmid pBK31551, complete sequence;84908;26-JUL-2016;USA;pBK31551
JX193302.1;Klebsiella pneumoniae;strain BK31567 plasmid pBK31567, complete sequence;48064;26-JUL-2016;USA;pBK31567
JX283456.1;Klebsiella pneumoniae;strain ST101 plasmid pKPN101-IT, complete sequence;109288;26-JUL-2016;Italy;pKPN101-IT
JX397875.1;Klebsiella pneumoniae;strain Kpn-1433 plasmid pKP1433, complete sequence;56209;26-JUL-2016;unknown;pKP1433
JX430448.1;Klebsiella pneumoniae;strain BK32179 plasmid pBK32179, complete sequence;167657;26-JUL-2016;USA;pBK32179
JX442975.1;Klebsiella pneumoniae;plasmid pKpQIL-LS6, complete sequence;79345;26-JUL-2016;unknown;pKpQIL-LS6
JX461340.1;Klebsiella pneumoniae;strain KpS90 plasmid pKpS90, complete sequence;54048;26-JUL-2016;unknown;pKpS90
JX500679.1;Klebsiella pneumoniae;strain UMM3 plasmid TnpR (tnpR), TnpA (tnpA), IstA (istA), IstB (istB), KPC-2;10155;26-JUL-2016;unknown;unnamed
JX500680.1;Enterobacter sp.;01MGH049 plasmid TnpR (tnpR), TnpA (tnpA), IstA (istA), IstB (istB), KPC-2 (blaKPC-2),;10147;26-JUL-2016;unknown;unnamed
JX500681.1;Escherichia coli;strain 233 plasmid TnpR (tnpR), TnpA (tnpA), IstA (istA), IstB (istB), KPC-3;10338;26-JUL-2016;unknown;unnamed
JX524191.1;Klebsiella pneumoniae;strain BK13048 plasmid pBK13048 putative transposition helper protein (istB) gene, partial cds;1730;26-JUL-2016;USA;pBK13048
JX966417.1;Klebsiella pneumoniae;strain K687-IPI plasmid beta-lactamase KPC (blaKPC) gene, partial cds;484;26-JUL-2016;unknown;unnamed
KC355363.1;Aeromonas hydrophila;strain AH1 plasmid pN6, partial sequence;11631;26-JUL-2016;unknown;pN6
KC405622.1;Klebsiella pneumoniae;plasmid pKPC-LK30, complete sequence;87754;26-JUL-2016;unknown;pKPC-LK30
KC433553.1;Klebsiella pneumoniae;strain kp1241 plasmid beta-lactamase KPC-15 gene, complete cds;895;26-JUL-2016;unknown;unnamed
KC609322.1;Pseudomonas aeruginosa;strain ST1006 plasmid pPA-2, complete sequence;8110;26-JUL-2016;Colombia;pPA-2
KC609323.1;Pseudomonas aeruginosa;strain ST308 plasmid pCOL-1, complete sequence;31980;26-JUL-2016;unknown;pCOL-1
KC788405.1;Escherichia coli;strain LK-NARMP plasmid pKPC-LKEc, complete sequence;147479;26-JUL-2016;unknown;pKPC-LKEc
KC845573.1;Klebsiella pneumoniae;plasmid pBK15692, complete sequence;78913;26-JUL-2016;USA;pBK15692
KC958437.1;Klebsiella pneumoniae;subsp. ozaenae plasmid pKo6, complete sequence;66486;26-JUL-2016;unknown;pKo6
KF017315.1;Klebsiella pneumoniae;plasmid pKP53IL genomic sequence;34243;26-JUL-2016;unknown;pKP53IL
KF182187.1;Escherichia coli;plasmid pEC386IL genomic sequence;39886;26-JUL-2016;unknown;pEC386IL
KF623109.1;Klebsiella pneumoniae;strain HS062105 plasmid pHS062105-3, complete sequence;43461;26-JUL-2016;China;pHS062105-3
KF680002.1;Klebsiella pneumoniae;strain 27243D plasmid p12246J transposase (tnpA) gene, partial cds hypothetical protein, transposase;11579;26-JUL-2016;unknown;p12246J
KF701335.1;Escherichia coli;strain HS102707 plasmid pHS102707, complete sequence;70446;26-JUL-2016;China;pHS102707
KF724506.1;Klebsiella pneumoniae;subsp. pneumoniae strain HS092839 plasmid pHS092839, partial sequence;15721;26-JUL-2016;China;pHS092839
KF724507.1;Klebsiella pneumoniae;subsp. pneumoniae strain HS082416 plasmid pHS082416, partial sequence;13100;26-JUL-2016;China;pHS082416
KF826291.1;Escherichia coli;strain HS111288 plasmid pHS111288, partial sequence;14968;26-JUL-2016;China;pHS111288
KF826292.1;Klebsiella pneumoniae;subsp. pneumoniae strain HS10505 plasmid pHS10505, partial sequence;15685;26-JUL-2016;China;pHS10505
KF826293.1;Klebsiella pneumoniae;subsp. pneumoniae strain HS092753 plasmid pHS092753, partial sequence;13152;26-JUL-2016;China;pHS092753
KF874496.1;Klebsiella pneumoniae;strain Kpn-1504 plasmid pGR-1504, complete sequence;115264;27-JUN-2016;unknown;pGR-1504
KF874497.2;Klebsiella pneumoniae;strain Kpn-1780 plasmid pGR-1780, complete sequence;115246;27-JUN-2016;unknown;pGR-1780
KF874498.1;Klebsiella pneumoniae;strain Kpn-1870 plasmid pGR-1870, complete sequence;117705;27-JUN-2016;unknown;pGR-1870
KF874499.1;Klebsiella pneumoniae;strain Kpn-3913 plasmid pGR-3913, complete sequence;115264;27-JUN-2016;unknown;pGR-3913
KF914891.1;Escherichia coli;strain ECN580 plasmid pECN580, complete sequence;65863;26-JUL-2016;China;pECN580
KF954759.1;Klebsiella pneumoniae;strain BK30661 plasmid pBK30661, complete sequence;74688;26-JUL-2016;USA;pBK30661
KF954760.1;Klebsiella pneumoniae;strain BK30683 plasmid pBK30683, complete sequence;141941;26-JUL-2016;USA;pBK30683
KJ146687.1;Klebsiella pneumoniae;strain BK30799 plasmid pKpQIL-10, complete sequence;115263;26-JUL-2016;USA;pKpQIL-10
KJ146688.1;Escherichia coli;strain BK28960 plasmid pKpQIL-Ec, complete sequence;100559;26-JUL-2016;USA;pKpQIL-Ec
KJ146689.1;Klebsiella pneumoniae;strain BK26633 plasmid pKpQIL-234, complete sequence;116100;26-JUL-2016;USA;pKpQIL-234
KJ151293.1;Klebsiella pneumoniae;subsp. pneumoniae strain 354 plasmid KPC-2 gene, complete cds;904;26-JUL-2016;Cuba;unnamed
KJ210592.1;Enterobacter aerogenes;strain HS112625 plasmid pHS112625, partial sequence;18444;26-JUL-2016;China;pHS112625
KJ510411.1;Klebsiella pneumoniae;subsp. pneumoniae strain Kpn460 plasmid KPN460IL transposon Tn4401g tnpA, blaTEM1, and blaKPC-2;4765;26-JUL-2016;Israel;KPN460IL
KJ653815.1;Klebsiella pneumoniae;strain FOS18 plasmid pFOS18, complete sequence;24281;26-JUL-2016;unknown;pFOS18
KJ721789.1;Klebsiella pneumoniae;strain NJ HT1872 plasmid pUSKPC3, complete sequence;172200;26-JUL-2016;USA;pUSKPC3
KJ721790.1;Klebsiella pneumoniae;strain TpeVGH151 plasmid pVGH151, complete sequence;115261;26-JUL-2016;Taiwan;pVGH151
KJ933392.1;Escherichia coli;strain YD626E plasmid pYD626E, complete sequence;73840;17-JUN-2015;unknown;pYD626E
KM076934.1;Klebsiella pneumoniae;strain KBu-1 plasmid pKBuS13 carbapenemase (blaKPC) gene, blaKPC-2 allele, complete cds;1362;08-SEP-2015;Italy;pKBuS13
KM983022.1;Klebsiella pneumoniae;strain ABC220 plasmid pABC220 hypothetical protein gene, complete cds transposon Tn4401b, complete;11052;26-JUL-2016;unknown;pABC220
KP008371.1;Klebsiella pneumoniae;strain 565 plasmid PKPCAPSS, complete sequence;129799;26-JUL-2016;unknown;PKPCAPSS
KP125892.1;Escherichia coli;strain HS10842 plasmid pHS10842, complete sequence;14114;26-JUL-2016;China;pHS10842
KP345882.1;Escherichia coli;strain BK32533 plasmid pBK32533, complete sequence;245420;26-JUL-2016;USA;pBK32533
KP726894.1;Enterobacter cloacae;strain ECN49 plasmid pKPC-ECN49, complete sequence;41908;28-OCT-2015;China;pKPC-ECN49
KP868646.1;Enterobacter cloacae;strain WCHECl-14653 plasmid pKPC2-EC14653, complete sequence;89475;08-OCT-2015;unknown;pKPC2-EC14653
KP870110.1;Escherichia coli;strain EC6335 plasmid RCPEC6335-2, partial sequence;5713;22-APR-2015;unknown;RCPEC6335-2
KP893385.1;Klebsiella pneumoniae;subsp. pneumoniae strain KP1034 plasmid pKP1034, complete sequence;138803;01-AUG-2015;China;pKP1034
KP987215.1;Citrobacter freundii;strain 112298 plasmid p112298-KPC, complete sequence;118964;20-AUG-2015;China;p112298-KPC
KP987218.1;Klebsiella pneumoniae;strain 628 plasmid p628-KPC, complete sequence;106509;09-SEP-2015;China;p628-KPC
KR014106.1;Aeromonas hydrophila;strain WCHAH01 plasmid pKPC2, complete sequence;45087;31-DEC-2015;unknown;pKPC2
KR024809.1;Escherichia coli;strain FSEC264 plasmid beta-lactamase (blaKPC) gene, partial cds;546;22-SEP-2015;India;unnamed
KR052097.1;Escherichia coli;strain UC327 plasmid, partial sequence;9854;15-JUL-2015;Chile;unnamed
KR052098.1;Klebsiella pneumoniae;strain UC330 plasmid transposon Tn4401a, partial sequence;10084;15-JUL-2015;Chile;unnamed
KR052099.1;Klebsiella pneumoniae;strain UC331 plasmid, partial sequence;9976;15-JUL-2015;Chile;unnamed
KR052100.1;Klebsiella pneumoniae;strain UC332 plasmid, partial sequence;9190;15-JUL-2015;Chile;unnamed
KR052101.1;Klebsiella pneumoniae;strain UC334 plasmid, partial sequence;9237;15-JUL-2015;Chile;unnamed
KR052102.1;Klebsiella oxytoca;strain UC344 plasmid, partial sequence;9240;15-JUL-2015;Chile;unnamed
KR091915.1;Klebsiella pneumoniae;strain KPC-DK05 plasmid pKPC-DK05, complete sequence;57539;28-JUL-2015;unknown;pKPC-DK05
KR872629.1;Citrobacter koseri;plasmid beta-lactamase (blaKPC) gene, partial cds;546;07-NOV-2015;India;unnamed
KT148595.1;Klebsiella pneumoniae;subsp. pneumoniae strain GN1006 plasmid pKPC-SMH, complete sequence;54023;02-NOV-2015;unknown;pKPC-SMH
KT185451.1;Klebsiella pneumoniae;plasmid pCT-KPC strain LJ04, complete sequence;153630;20-DEC-2015;unknown;pCT-KPC
KT362706.1;Klebsiella pneumoniae;strain ST512 plasmid p45-IncX3, complete sequence;64106;27-OCT-2015;unknown;p45-IncX3
KT378596.1;Klebsiella pneumoniae;strain Kp512 plasmid transposon Tn4401a, complete sequence;10061;07-OCT-2015;unknown;unnamed
KT378597.1;Klebsiella pneumoniae;strain Kp15 plasmid transposon Tn4401b, complete sequence;10161;07-OCT-2015;unknown;unnamed
KT378598.1;Klebsiella pneumoniae;strain Kp252 plasmid transposon Tn4401b, complete sequence;10161;07-OCT-2015;unknown;unnamed
KT922272.1;Klebsiella pneumoniae;strain 11201 plasmid pKP-2R, partial sequence;25792;23-MAR-2016;China;pKP-2R
KT922274.1;Klebsiella pneumoniae;strain 11225 plasmid pKP-1R, partial sequence;12128;23-MAR-2016;China;pKP-1R
KU176944.1;Citrobacter freundii;strain WCHCF65 plasmid pKPC2_CF65, complete sequence;41532;20-DEC-2015;unknown;pKPC2_CF65
KU216748.1;Klebsiella pneumoniae;strain JMI#21 plasmid carbapenem-hydrolyzing class A beta-lactamase KPC-25 (blaKPC) gene, blaKPC-25 allele,;900;15-DEC-2015;unknown;unnamed
KU295131.1;Escherichia coli;strain BK28009 plasmid pBK28009, complete sequence;109300;21-MAR-2016;USA;pBK28009
KU295132.1;Escherichia coli;strain BK34397 plasmid pBK34397, complete sequence;103371;21-MAR-2016;USA;pBK34397
KU295133.1;Escherichia coli;strain BK33689 plasmid pBK33689, complete sequence;117359;21-MAR-2016;USA;pBK33689
KU295134.1;Escherichia coli;strain BK32602 plasmid pBK32602, complete sequence;89239;21-MAR-2016;USA;pBK32602
KU295135.1;Escherichia coli;strain BK31611 plasmid pBK31611, complete sequence;16580;21-MAR-2016;USA;pBK31611
KU295136.1;Escherichia coli;strain BK28610 plasmid pBK28610, complete sequence;17168;21-MAR-2016;USA;pBK28610
KU302800.1;Enterobacter cloacae;strain SZECL1 plasmid pKPC3_SZ, complete sequence;43953;15-MAR-2016;China;pKPC3_SZ
KU318419.1;Enterbacter aerogenes;strain EA49 plasmid pEA49-KPC, complete sequence;91642;18-JUL-2016;China;pEA49-KPC
KU578314.1;Pseudomonas aeruginosa;strain 10265 plasmid p10265-KPC, complete sequence;39496;30-MAR-2016;China;p10265-KPC
KU665642.1;Klebsiella pneumoniae;strain K47-25 plasmid pG12-KPC-2, complete sequence;113525;08-JUN-2016;unknown;pG12-KPC-2
KU934011.1;Serratia marcescens;strain 427862 plasmid IncX-3, complete sequence;54054;13-JUN-2016;unknown;IncX-3
KU963389.1;Escherichia coli;strain ECO37 plasmid ECO37P1, complete sequence;51594;08-JUN-2016;Brazil;ECO37P1
KX062091.1;Klebsiella pneumoniae;strain KP148 plasmid pKP148,PINH-4900, complete sequence;53287;22-JUN-2017;Brazil;pKP148,PINH-4900
KX154765.1;Klebsiella pneumoniae;strain Kp145/11 plasmid pKp145/11a, complete sequence;51526;22-JUN-2017;Brazil;pKp145/11a
KX169264.1;Pseudomonas aeruginosa;strain D5170990 plasmid pD5170990, complete sequence;32888;06-SEP-2016;Brazil;pD5170990
KX236178.1;Klebsiella pneumoniae;plasmid pHS091147, complete sequence;123082;06-JAN-2017;China;pHS091147
KX276209.1;Klebsiella pneumoniae;strain Kp314/11 plasmid pKp314/11a, complete sequence;55390;22-JUN-2017;Brazil;pKp314/11a
KX348144.1;Klebsiella pneumoniae;strain Kp01 plasmid pKPC_Kp01, complete sequence;47506;23-JAN-2017;unknown;pKPC_Kp01
KX348145.1;Klebsiella pneumoniae;strain Kp02 plasmid pKPC_Kp02, complete sequence;12101;23-JAN-2017;unknown;pKPC_Kp02
KX348146.1;Klebsiella pneumoniae;strain Kp46 plasmid pKPC_Kp46, complete sequence;50225;23-JAN-2017;unknown;pKPC_Kp46
KX397572.1;Klebsiella pneumoniae;strain Kp196 plasmid pKp196, complete sequence;56701;22-JUN-2017;Brazil;pKp196 TIET-4200
KX683284.1;Escherichia coli;strain EcU443 plasmid pECSEV_02, complete sequence;70401;12-APR-2017;unknown;pECSEV_02
KX756453.1;Klebsiella pneumoniae;strain 1194/11 plasmid pKP1194a, complete sequence;46327;06-SEP-2016;Brazil;pKP1194a
KX783439.1;Enterobacter cloacae;strain EC4365 plasmid pEC4365, complete sequence;15892;07-NOV-2016;Brazil;pEC4365
KX783440.1;Klebsiella pneumoniae;strain KP4365 plasmid pKP4365, complete sequence;15892;07-NOV-2016;Brazil;pKP4365
KX783441.1;Klebsiella pneumoniae;strain KP4368 plasmid pKP4368, complete sequence;68104;07-NOV-2016;Brazil;pKP4368
KX828722.1;Klebsiella pneumoniae;strain KPC-079 plasmid carbapenem-hydrolyzing class A beta-lactamase KPC-27 (blaKPC) gene, blaKPC-27 allele,;895;30-JAN-2017;unknown;unnamed
KX868553.1;Enterobacter cloacae;strain H133020611 plasmid pJFKPC-4, complete sequence;12685;22-MAR-2017;United Kingdom;pJFKPC-4
KX881941.1;Klebsiella pneumoniae;subsp. pneumoniae strain H154180724 plasmid pJF-WMKPCN1, complete sequence;50300;01-MAR-2017;unknown;pJF-WMKPCN1
KX928750.1;Klebsiella pneumoniae;strain CRKP-1-KPC plasmid pCRKP-1-KPC, complete sequence;66533;08-MAY-2017;China;pCRKP-1-KPC
KX928751.1;Klebsiella pneumoniae;strain CRKP-5-KPC plasmid pCRKP-5-KPC, complete sequence;69461;08-MAY-2017;China;pCRKP-5-KPC
KX928752.1;Klebsiella pneumoniae;strain CRKP-59-KPC plasmid pCRKP-59-KPC, complete sequence;220076;08-MAY-2017;China;pCRKP-59-KPC
KY062156.1;Escherichia coli;strain zeyy plasmid genomic sequence;42020;07-OCT-2017;unknown;unnamed
KY093013.1;Enterobacter aerogenes;strain Eaer-4382, plasmid pEaer-4382b, complete sequence;136443;26-FEB-2018;unknown;pEaer-4382b
KY093014.1;Enterobacter aerogenes;strain Eaer-4382, plasmid pEaer-4382s, complete sequence;110326;26-FEB-2018;unknown;pEaer-4382s
KY128483.1;Klebsiella oxytoca;strain 97_38 plasmid pKm38_N, complete sequence;69746;06-FEB-2017;USA;pKm38_N
KY128484.1;Klebsiella michiganensis;strain 97_58 plasmid pKm38_N, complete sequence;70887;06-FEB-2017;USA;pKm38_N
KY270849.1;Klebsiella pneumoniae;strain 12181 plasmid p0716-KPC, complete sequence;145589;08-APR-2017;China;p0716-KPC
KY270850.1;Klebsiella pneumoniae;strain 0716 plasmid p12181-KPC, complete sequence;142095;08-APR-2017;China;p12181-KPC
KY271403.1;Klebsiella pneumoniae;strain Kp_48 plasmid pKpQIL-307_48, complete sequence;118164;22-MAY-2017;unknown;pKpQIL-307_48
KY271413.1;Klebsiella pneumoniae;strain KL49 plasmid IncN_typeA, complete sequence;55122;22-MAY-2017;unknown;IncN_typeA
KY271414.1;Klebsiella pneumoniae;strain H151440672 plasmid IncN_typeB, complete sequence;53603;22-MAY-2017;unknown;IncN_typeB
KY271415.1;Klebsiella pneumoniae;strain H151400611 plasmid IncN_typeC, complete sequence;56476;22-MAY-2017;unknown;IncN_typeC
KY296095.1;Pseudomonas aeruginosa;strain 14057 plasmid p14057-KPC, complete sequence;52402;28-JUN-2017;China;p14057-KPC
KY296104.1;Enterobacter cloacae;strain 13E169 plasmid pHN84KPC, complete sequence;39930;28-MAR-2017;China;pHN84KPC
KY399972.1;Enterobacter cloacae;strain EClY2402 plasmid pKPC2_EClY2402, complete sequence;89474;21-MAR-2017;unknown;pKPC2_EClY2402
KY399973.1;Enterobacter cloacae;strain EClY2403 plasmid pKPC2_EClY2403, complete sequence;89474;21-MAR-2017;unknown;pKPC2_EClY2403
KY659387.1;Citrobacter freundii;strain 30 plasmid pCfr-30, complete sequence;54054;19-MAY-2017;unknown;pCfr-30
KY659388.1;Citrobacter freundii;strain 145 plasmid pCr-145, complete sequence;54054;19-MAY-2017;unknown;pCr-145
KY689238.1;Klebsiella pneumoniae;strain TP-P16 plasmid pKPC_P16, complete sequence;87101;07-JUL-2017;unknown;pKPC_P16
KY798505.1;Klebsiella pneumoniae;plasmid pKpQIL-D1, complete sequence;119588;15-MAY-2017;United Kingdom;pKpQIL-D1
KY798506.1;Escherichia coli;plasmid pKpQIL-D2, complete sequence;113339;15-MAY-2017;United Kingdom;pKpQIL-D2
KY798507.1;Klebsiella pneumoniae;plasmid pKpQIL-UK, complete sequence;115263;15-MAY-2017;United Kingdom;pKpQIL-UK
KY913901.1;Klebsiella oxytoca;strain pKOX3 plasmid p5-KPC, complete sequence;40851;27-JUN-2017;China;unknown
KY930324.1;Klebsiella pneumoniae;plasmid pUCLAKPC1, complete sequence;51900;23-OCT-2017;unknown;pUCLAKPC1
KY930325.1;Klebsiella pneumoniae;plasmid pUCLAKPC2, complete sequence;67554;23-OCT-2017;unknown;pUCLAKPC2
KY986974.1;Citrobacter freundii;strain 112298 plasmid p112298-tetA, complete sequence;193029;09-AUG-2017;China;p112298-tetA
LN610760.1;Citrobacter freundii;plasmid pCF8698_KPC2, strain CF8698, complete sequence;54808;26-JUL-2016;Germany;pCF8698_KPC2
LT009688.1;Klebsiella pneumoniae;plasmid pIT-06C07, strain O6CO7, complete sequence;168863;07-JUN-2016;unknown;pIT-06C07
LT009689.1;Klebsiella pneumoniae;plasmid pIT-12C73, strain 12C73, complete sequence;107839;07-JUN-2016;unknown;pIT-12C73
LT216438.1;Klebsiella pneumoniae;isolate 207M1D0-sc-2013-04-03T11:21:06Z-1606409 genome assembly, plasmid: KPN207_p2;119601;16-MAY-2016;unknown;KPN207_p2
LT599826.1;Escherichia coli;isolate E. coli NRZ14408 genome assembly, plasmid: p14408_1;139146;10-JAN-2017;unknown;p14408_1
LT599827.1;Escherichia coli;isolate E. coli NRZ14408 genome assembly, plasmid: p14408_2;89456;10-JAN-2017;unknown;p14408_2
LT838197.1;Escherichia coli;isolate WI1 isolate genome assembly, plasmid: pWI1-KPC3;55297;20-APR-2017;unknown;pWI1-KPC3
LT992437.1;Citrobacter freundii;isolate CF121SC21 genome assembly, plasmid: 1;40761;31-MAR-2018;unknown;1
MF072963.1;Citrobacter freundii;strain P10159 plasmid pP10159-3, complete sequence;43374;13-FEB-2018;China;pP10159-3
MF133495.1;Klebsiella pneumoniae;strain 675920 plasmid p675920-1, complete sequence;166338;01-AUG-2017;China;p675920-1
MF150120.1;Klebsiella pneumoniae;strain A64477 plasmid pKP64477d, complete sequence;47159;03-JUL-2017;unknown;pKP64477d
MF156695.1;Klebsiella pneumoniae;strain 1642 plasmid p1642-1, complete sequence;167763;05-MAY-2018;unknown;p1642-1
MF156708.1;Klebsiella pneumoniae;strain 13294 plasmid p13294-KPC, complete sequence;121111;19-AUG-2017;China;p13294-KPC
MF156709.1;Klebsiella aerogenes;strain E20 plasmid pE20-KPC, complete sequence;46231;19-AUG-2017;China;pE20-KPC
MF156710.1;Proteus mirabilis;strain GN2 plasmid pGN2-KPC, complete sequence;46982;19-AUG-2017;China;pGN2-KPC
MF156711.1;Serratia marcescens;strain GN26 plasmid pGN26-KPC, complete sequence;46954;19-AUG-2017;China;pGN26-KPC
MF156712.1;Morganella morganii;strain GN28 plasmid pGN28-KPC, complete sequence;46782;19-AUG-2017;China;pGN28-KPC
MF168402.1;Klebsiella pneumoniae;strain 1068 plasmid p1068-KPC, complete sequence;148191;23-AUG-2017;China;p1068-KPC
MF168403.1;Klebsiella pneumoniae;strain 12139 plasmid p12139-KPC, complete sequence;171845;23-AUG-2017;China;p12139-KPC
MF168404.1;Klebsiella pneumoniae;strain 20049 plasmid p20049-KPC, complete sequence;153820;23-AUG-2017;China;p20049-KPC
MF168405.1;Klebsiella pneumoniae;strain 64917 plasmid p64917-KPC, complete sequence;171840;23-AUG-2017;China;p64917-KPC
MF168406.1;Klebsiella pneumoniae;strain 283747 plasmid p283747-KPC, complete sequence;150136;23-AUG-2017;China;p283747-KPC
MF344555.1;Klebsiella pneumoniae;strain strain 13190 plasmid p13190-KPC, complete sequence;42473;21-FEB-2018;China;p13190-KPC
MF383354.1;Escherichia coli;strain TS79e plasmid pHNTS79-KPC, partial sequence;6183;26-OCT-2017;China;pHNTS79-KPC
MF437312.1;Klebsiella pneumoniae;strain CR-HvKP4 plasmid pKPC-CR-HvKP4, complete sequence;180122;11-SEP-2017;China;pKPC-CR-HvKP4
MF497780.1;Citrobacter freundii;strain Cfr-31816cz plasmid pCfr-31816cz, complete sequence;47495;20-NOV-2017;unknown;pCfr-31816cz
MF497781.1;Citrobacter freundii;strain Cfr-36049cz plasmid pCrf-36049cz, complete sequence;82511;20-NOV-2017;unknown;pCrf-36049cz
MF497782.1;Morganella morganii;strain Mmo-37590cz plasmid pMMO-37590cz, complete sequence;30481;20-NOV-2017;unknown;pMMO-37590cz
MF788069.1;Raoultella ornithinolytica;strain 23141 plasmid p23141-1, complete sequence;72305;20-DEC-2017;China;p23141-1
MF918372.1;Klebsiella pneumoniae;plasmid p1512-KPC, complete sequence;119379;26-DEC-2017;unknown;p1512-KPC
MG053313.1;Klebsiella pneumoniae;strain KP267 plasmid pKPC-CR-HvKP267, complete sequence;58514;26-DEC-2017;China;pKPC-CR-HvKP267
MG288681.1;Klebsiella aerogenes;strain E20 plasmid pE20-FIIA, complete sequence;107426;16-APR-2018;China;pE20-FIIA
MG557994.1;Citrobacter freundii;strain Cfr-27569cz plasmid pCfr-27569cz, complete sequence;47495;13-DEC-2017;unknown;pCfr-27569cz
MG557995.1;Citrobacter freundii;strain Cfr-31260cz plasmid pCfr-31260cz, complete sequence;47495;13-DEC-2017;unknown;pCfr-31260cz
MG557996.1;Citrobacter freundii;strain Cfr-33038cz plasmid pCfr-33038cz, complete sequence;47495;13-DEC-2017;unknown;pCfr-33038cz
MG557997.1;Citrobacter freundii;strain Cfr-36808cz plasmid pCfr-36808cz, complete sequence;47495;13-DEC-2017;unknown;pCfr-36808cz
MG557998.1;Klebsiella pneumoniae;strain Kpn-35786cz plasmid pKpn-35786cz, complete sequence;47495;13-DEC-2017;unknown;pKpn-35786cz
MG557999.1;Escherichia coli;strain Eco-36682cz plasmid pEco-36682cz, complete sequence;82511;13-DEC-2017;unknown;pEco-36682cz
MG558000.1;Citrobacter freundii;strain Cfr-33795cz plasmid pCfr-33795cz, complete sequence;30481;13-DEC-2017;unknown;pCfr-33795cz
MG700548.1;Klebsiella pneumoniae;strain UR15381 plasmid pUJ-1KPC, complete sequence;112926;05-MAR-2018;Germany;pUJ-1KPC
MG700549.1;Klebsiella pneumoniae;strain st015256/1 plasmid pUJ-83KPC, complete sequence;99371;05-MAR-2018;Germany;pUJ-83KPC
MG700550.1;Klebsiella pneumoniae;strain st015788/2 plasmid pUJ-84KPC, complete sequence;118007;05-MAR-2018;Germany;pUJ-84KPC
MG764550.1;Klebsiella pneumoniae;strain 721005 plasmid p721005-KPC;166544;05-MAY-2018;China;p721005-KPC
MG764553.1;Klebsiella pneumoniae;strain A3295 plasmid pA3295-KPC, complete sequence;155464;05-MAY-2018;China;pA3295-KPC
MG786907.1;Klebsiella aerogenes;strain Ea18A UFPE plasmid clone cov_74.405807 genomic sequence;3867;08-MAY-2018;unknown;unnamed
MH000708.1;Klebsiella aerogenes;strain Ea33A plasmid clone Contig2 genomic sequence;6458;31-MAR-2018;unknown;unnamed
MH192342.1;Klebsiella grimontii;strain WCHKG020121 plasmid pKPC2_020121, complete sequence;97102;08-MAY-2018;unknown;pKPC2_020121
MH236906.1;Klebsiella pneumoniae;strain 167 plasmid pKPC-167, complete sequence;43953;28-MAY-2018;unknown;pKPC-167
MH263653.1;Klebsiella pneumoniae;strain QL24 plasmid pKPC-QL24, complete sequence;127928;28-MAY-2018;unknown;pKPC-QL24
